id,name,level,boss,hp,atk,def,spd,element,weak,resist,exp,gold,drops,phase_next
en_lost_star_slime,迷い星スライム,1,false,30,8,4,6,light,,light,7,5,it_herb×1@30%,
en_whisper_bat,ささやきコウモリ,2,false,38,11,5,14,none,light,,10,7,it_herb×1@25%,
en_mushroom_kid,キノコの子,3,false,55,12,8,5,earth,fire,earth,12,8,it_antidote×1@30%,
en_forest_wolf,森オオカミ,4,false,70,16,7,12,none,fire,,15,10,it_potion_s×1@20%,
en_thorn_vine,トゲツタ,5,false,85,14,12,4,earth,fire,earth,16,12,it_antidote×1@25%,
en_mine_rat,廃坑ネズミ,6,false,110,24,12,16,none,fire,,45,18,it_herb×1@30%,
en_ore_spider,鉱石クモ,8,false,140,26,20,10,earth,fire,earth,55,22,it_shining_ore×1@25%,
en_minecart_ghost,トロッコゴースト,9,false,160,30,14,12,none,light,earth,65,26,it_star_drop×1@20%,
en_glow_bug,ヒカリムシ,7,false,95,22,10,22,light,water,light,50,20,it_eye_drop×1@30%,
en_tidepool_crab,潮だまりカニ,11,false,260,40,34,10,water,earth,water,170,48,it_tide_shell×1@25%,
en_ruin_statue,遺跡の石像兵,14,false,300,44,30,12,earth,fire,earth,195,56,it_quake_stone×1@25%,
en_hollow_shell,うつろ貝,13,false,230,38,26,14,water,earth,water,180,52,it_star_drop×1@25%,
en_shadow_hand,影の手,18,false,420,58,36,20,none,light,fire water earth,260,90,it_potion_m×1@25%,
en_false_light,偽りの灯,20,false,380,62,32,26,fire,water,fire,280,95,it_star_tear×1@10%,
bo_old_tree_hollow,古木のウロ,5,true,420,20,10,6,earth,fire,earth water,120,150,it_fragment_1×1@100% it_potion_s×2@100%,
bo_rock_golem,岩のゴーレム,10,true,1100,40,30,6,earth,fire,earth,450,600,it_fragment_2×1@100% it_star_drop×2@100%,
bo_ruin_guardian,遺跡の番人,16,true,2000,62,40,14,water,earth,water,1200,1500,it_fragment_3×1@100% it_star_tear×1@100%,
bo_nox_phase1,ノクス,24,true,2600,78,48,30,none,light,,0,0,,bo_nox_phase2
bo_nox_phase2,ノクス・星喰らい,24,true,3600,92,52,34,none,light,fire water earth,3000,0,,
