id,name,slot,tier,allowed,price,hp,mp,atk,def,spd,luk,element,resist,immune
eq_wp_luka_1,みならいの剣,weapon,1,ch_luka,120,0,0,5,0,0,0,,,
eq_wp_luka_2,はがねの剣,weapon,2,ch_luka,450,0,0,12,0,0,0,,,
eq_wp_luka_3,しろがねの剣,weapon,3,ch_luka,1200,0,0,20,0,0,0,,,
eq_wp_luka_4,ほしのつるぎ,weapon,4,ch_luka,0,0,0,32,0,0,5,light,,
eq_wp_mio_1,りょうしのナイフ,weapon,1,ch_mio,100,0,0,4,0,2,0,,,
eq_wp_mio_2,さんごの短剣,weapon,2,ch_mio,400,0,0,10,0,3,0,,,
eq_wp_mio_3,しおかぜの短剣,weapon,3,ch_mio,1100,0,0,17,0,5,0,,,
eq_wp_mio_4,うしおのきば,weapon,4,ch_mio,0,0,0,28,0,8,0,water,,
eq_wp_goro_1,ふるい大槌,weapon,1,ch_goro,150,0,0,8,0,0,0,,,
eq_wp_goro_2,こうざんの大槌,weapon,2,ch_goro,500,0,0,15,0,0,0,,,
eq_wp_goro_3,くろがねの大槌,weapon,3,ch_goro,1300,0,0,24,0,0,0,,,
eq_wp_goro_4,やまわりの大槌,weapon,4,ch_goro,0,0,0,38,0,-3,0,earth,,
eq_ar_cloth_luka,たびびとの服,armor,1,ch_luka,80,0,0,0,3,0,0,,,
eq_ar_cloth_mio,りょうしのベスト,armor,1,ch_mio,80,0,0,0,2,1,0,,,
eq_ar_cloth_goro,こうふのシャツ,armor,1,ch_goro,80,0,0,0,4,0,0,,,
eq_ar_leather_luka,かわのよろい,armor,2,ch_luka,350,0,0,0,8,0,0,,,
eq_ar_leather_mio,かわのジャケット,armor,2,ch_mio,350,0,0,0,6,2,0,,,
eq_ar_leather_goro,かわのエプロン,armor,2,ch_goro,350,0,0,0,10,0,0,,,
eq_ar_chain_luka,くさりかたびら,armor,3,ch_luka,900,0,0,0,14,0,0,,,
eq_ar_chain_mio,かるいくさりのふく,armor,3,ch_mio,900,0,0,0,11,3,0,,,
eq_ar_chain_goro,おもいくさりよろい,armor,3,ch_goro,900,0,0,0,18,-2,0,,,
eq_ar_star_luka,ほしのコート,armor,4,ch_luka,0,0,20,0,22,0,0,,,
eq_ar_star_mio,ほしのマント,armor,4,ch_mio,0,0,0,0,18,5,0,,,
eq_ar_star_goro,ほしのはんてん,armor,4,ch_goro,0,40,0,0,28,0,0,,,
eq_acc_star_charm,ほしのおまもり,accessory,2,ch_luka ch_mio ch_goro,0,0,0,0,0,0,5,,,poison
eq_acc_sea_ring,うみのゆびわ,accessory,2,ch_luka ch_mio ch_goro,0,0,0,0,0,5,0,,water×0.5,
eq_acc_miner_badge,こうふのバッジ,accessory,2,ch_luka ch_mio ch_goro,0,0,0,0,6,0,0,,,paralyze
eq_acc_lantern_pendant,ランタンのペンダント,accessory,2,ch_luka ch_mio ch_goro,0,0,0,0,0,0,10,,,blind
