level,exp_total,exp_to_next,ルカ_hp,ルカ_mp,ルカ_atk,ルカ_def,ルカ_spd,ルカ_luk,ルカ_skills,ミオ_hp,ミオ_mp,ミオ_atk,ミオ_def,ミオ_spd,ミオ_luk,ミオ_skills,ゴロー_hp,ゴロー_mp,ゴロー_atk,ゴロー_def,ゴロー_spd,ゴロー_luk,ゴロー_skills
1,0,20,42,12,9,7,8,6,sk_star_light,36,14,8,5,11,8,sk_double_shot,55,8,11,10,5,4,
2,20,60,55,16,12,9,10,7,,47,18,10,6,14,10,,72,11,15,13,6,5,
3,80,115,68,21,15,11,12,8,sk_first_aid,58,22,13,8,17,12,,89,14,19,16,7,6,
4,195,183,81,26,18,13,14,9,,69,26,16,10,20,14,sk_smoke_bomb,106,17,23,19,8,7,
5,378,262,94,31,21,15,16,10,,80,30,19,12,23,16,,123,20,27,22,9,8,
6,640,351,107,36,24,18,18,12,,91,34,22,14,26,18,,140,23,31,25,10,9,
7,991,449,120,40,27,20,20,13,sk_heavy_slash,102,38,24,15,29,20,,157,26,35,28,11,10,sk_smash sk_provoke
8,1440,557,133,45,30,22,22,14,,113,42,27,17,32,22,sk_armor_break,174,29,39,31,12,11,
9,1997,672,146,50,33,24,24,15,,124,46,30,19,35,24,,191,32,43,34,13,12,
10,2669,796,159,55,36,26,26,16,,135,50,33,21,38,26,,208,35,47,37,14,13,sk_quake
11,3465,927,172,60,39,29,29,18,sk_star_rain,146,54,36,23,41,28,,225,38,51,40,15,14,
12,4392,1065,185,64,42,31,31,19,,157,58,38,24,44,30,sk_tide_arrow,242,41,55,43,16,15,
13,5457,1211,198,69,45,33,33,20,,168,62,41,26,47,32,,259,44,59,46,17,16,
14,6668,1364,211,74,48,35,35,21,,179,66,44,28,50,34,,276,47,63,49,18,17,sk_war_cry
15,8032,1523,224,79,51,37,37,22,sk_cure,190,70,47,30,53,36,,293,50,67,52,19,18,
16,9555,1688,237,84,54,40,39,24,,201,74,50,32,56,38,sk_poison_needle,310,53,71,55,20,19,
17,11243,1861,250,88,57,42,41,25,,212,78,52,33,59,40,,327,56,75,58,21,20,
18,13104,2039,263,93,60,44,43,26,,223,82,55,35,62,42,,344,59,79,61,22,21,sk_stun_hammer
19,15143,2223,276,98,63,46,45,27,sk_light_edge,234,86,58,37,65,44,,361,62,83,64,23,22,
20,17366,2413,289,103,66,48,47,28,,245,90,61,39,68,46,sk_triple_shot,378,65,87,67,24,23,
21,19779,2609,302,108,69,51,50,30,,256,94,64,41,71,48,,395,68,91,70,25,24,
22,22388,2811,315,112,72,53,52,31,,267,98,66,42,74,50,,412,71,95,73,26,25,
23,25199,3018,328,117,75,55,54,32,,278,102,69,44,77,52,,429,74,99,76,27,26,sk_boulder
24,28217,3231,341,122,78,57,56,33,sk_lighthouse_blessing,289,106,72,46,80,54,,446,77,103,79,28,27,
25,31448,3449,354,127,81,59,58,34,,300,110,75,48,83,56,,463,80,107,82,29,28,
26,34897,3672,367,132,84,62,60,36,,311,114,78,50,86,58,sk_tidal_storm,480,83,111,85,30,29,
27,38569,3901,380,136,87,64,62,37,,322,118,80,51,89,60,,497,86,115,88,31,30,sk_mountain_break
28,42470,4135,393,141,90,66,64,38,sk_starfall,333,122,83,53,92,62,,514,89,119,91,32,31,
29,46605,4373,406,146,93,68,66,39,,344,126,86,55,95,64,,531,92,123,94,33,32,
30,50978,0,419,151,96,70,68,40,,355,130,89,57,98,66,,548,95,127,97,34,33,
