id,name,kind,scope,element,mp,mult,add,lv_mult,hits,accuracy,enemy_only,statuses
sk_star_light,ほしのひかり,magic,enemy_single,light,4,1.2,6,,1,,false,
sk_first_aid,おうきゅうてあて,heal,ally_single,none,5,0,25,3,1,,false,
sk_heavy_slash,つよぎり,physical,enemy_single,weapon,6,1.6,0,,1,,false,
sk_star_rain,ほしふり,magic,enemy_all,light,10,1,10,,1,,false,
sk_cure,きよめのひかり,heal,ally_single,none,8,0,20,2,1,,false,
sk_light_edge,ひかりのつるぎ,physical,enemy_single,light,14,2.2,0,,1,,false,
sk_lighthouse_blessing,とうだいのかご,heal,ally_all,none,18,0,40,4,1,,false,
sk_starfall,ほしふるいちげき,physical,enemy_single,light,24,3,30,,1,,false,
sk_double_shot,ダブルショット,physical,enemy_single,weapon,4,0.7,0,,2,,false,
sk_smoke_bomb,けむりだま,debuff,enemy_all,none,5,0,0,,1,,false,blind@70%/4t
sk_armor_break,よろいくだき,physical,enemy_single,weapon,6,1,0,,1,,false,def_down@80%/3t
sk_tide_arrow,しおのや,magic,enemy_single,water,9,1.5,8,,1,,false,
sk_poison_needle,どくばり,physical,enemy_single,weapon,6,0.9,0,,1,,false,poison@90%/5t
sk_triple_shot,トリプルショット,physical,enemy_random,weapon,12,0.8,0,,3,,false,
sk_tidal_storm,うしおのあらし,magic,enemy_all,water,20,1.4,15,,1,,false,
sk_smash,たたきつけ,physical,enemy_single,weapon,5,1.8,0,,1,,false,
sk_provoke,ちょうはつ,buff,self,none,3,0,0,,1,,false,taunt@100%/3t
sk_quake,じならし,magic,enemy_all,earth,9,1.1,8,,1,,false,
sk_war_cry,ときのこえ,buff,ally_all,none,8,0,0,,1,,false,atk_up@100%/3t
sk_stun_hammer,しびれづち,physical,enemy_single,weapon,10,1.4,0,,1,,false,paralyze@60%/2t
sk_boulder,おおいわおとし,physical,enemy_single,earth,16,2.4,20,,1,,false,
sk_mountain_break,やまくだき,physical,enemy_all,earth,22,1.6,20,,1,,false,
sk_en_star_spit,ほしのつぶて,magic,enemy_single,light,0,1,0,,1,,true,
sk_en_shriek,かなきりごえ,debuff,enemy_single,none,0,0,0,,1,,true,blind@50%/4t
sk_en_poison_spore,どくのほうし,debuff,enemy_all,none,0,0,0,,1,,true,poison@40%/5t
sk_en_howl,とおぼえ,buff,self,none,0,0,0,,1,,true,atk_up@100%/3t
sk_en_bite,かみつき,physical,enemy_single,none,0,1.4,0,,1,,true,
sk_en_thorn_whip,トゲのムチ,physical,enemy_single,earth,0,1.3,0,,1,,true,poison@30%/5t
sk_en_crystal_shot,すいしょうだん,magic,enemy_single,earth,0,1.2,0,,1,,true,
sk_en_poison_bite,どくかみつき,physical,enemy_single,none,0,1,0,,1,,true,poison@50%/5t
sk_en_ghost_touch,ゆうれいのて,physical,enemy_single,none,0,1,0,,1,,true,paralyze@50%/2t
sk_en_cart_rush,トロッコとっしん,physical,enemy_all,none,0,0.9,0,,1,,true,
sk_en_lantern_flash,ランタンフラッシュ,debuff,enemy_all,none,0,0,0,,1,,true,blind@50%/4t
sk_en_shell_crush,こうらくだき,physical,enemy_single,none,0,1.4,0,,1,,true,def_down@60%/3t
sk_en_spear_thrust,やりつき,physical,enemy_single,none,0,1.5,0,,1,,true,
sk_en_void_drain,うつろのすいとり,physical,enemy_single,none,0,1,0,,1,,true,
sk_en_tide_splash,しおしぶき,magic,enemy_all,water,0,1,0,,1,,true,
sk_en_shadow_grip,かげのつかみ,physical,enemy_single,none,0,1.3,0,,1,,true,paralyze@40%/2t
sk_en_cold_flame,つめたいほのお,magic,enemy_all,fire,0,1.1,0,,1,,true,
sk_en_mock,あざわらい,debuff,enemy_single,none,0,0,0,,1,,true,def_down@70%/3t
sk_bo_root_bind,ねっこしばり,physical,enemy_single,earth,0,1.4,0,,1,,true,paralyze@50%/2t
sk_bo_pollen,かふんのあらし,debuff,enemy_all,none,0,0,0,,1,,true,poison@60%/5t
sk_bo_trunk_quake,みきゆすり,physical,enemy_all,earth,0,0.9,0,,1,,true,
sk_bo_hollow_cry,ウロのさけび,debuff,enemy_all,none,0,0,0,,1,,true,blind@70%/4t atk_up@100%/3t
sk_bo_fragment_glow,かけらのかがやき,heal,self,none,0,0,-30,18,1,,true,
sk_bo_harden,こうか,buff,self,none,0,0,0,,1,,true,harden@100%/2t
sk_bo_rock_throw,いわなげ,physical,enemy_single,earth,0,1.6,0,,1,,true,
sk_bo_big_quake,だいじしん,physical,enemy_all,earth,0,1.2,0,,1,,true,
sk_bo_trident,さんさのほこ,physical,enemy_single,water,0,1.6,0,,1,,true,def_down@50%/3t
sk_bo_stone_arm,いしのうで,physical,enemy_single,none,0,1.2,0,,1,,true,
sk_bo_tide_omen,うみのうなり,special,none,none,0,0,0,,1,,true,charging@100%/1t
sk_bo_great_tide,おおしお,magic,enemy_all,water,0,2,0,,1,,true,
sk_bo_water_veil,みずのヴェール,buff,self,none,0,0,0,,1,,true,water_veil@100%/2t
sk_bo_shadow_blade,かげのやいば,physical,enemy_single,none,0,1.6,0,,1,,true,
sk_bo_stardust_rain,ほしくずのあめ,magic,enemy_all,none,0,1.1,0,,1,,true,
sk_bo_absorb_fragment,かけらきゅうしゅう,heal,self,none,0,0,300,,1,,true,
sk_bo_stardust_rain2,ほしくずのあめ,magic,enemy_all,none,0,1.3,0,,1,,true,
sk_bo_night_veil,よるのとばり,debuff,enemy_all,none,0,0,0,,1,,true,blind@80%/4t
sk_bo_falling_star,おちるほし,magic,enemy_single,none,0,2.5,0,,1,,true,
sk_bo_star_extinction,ほしのしょうめつ,magic,enemy_all,none,0,3,0,,1,,true,
